{
    "abdulkadiraktas": {
        "ownedScript": {
            "qadr_identity": true
        },
        "identityambientdata": [
        {
        "mainplayercoords": {
            "x": 2830.083251953125,
            "y": -1228.7713623046875,
            "z": 43.66026306152344
        },
        "coords": {
            "[1]": {
            "animasyon": "weaponanims",
            "weaponanim": "WEAPON_RIFLE_BOLTACTION",
            "heading": -90,
            "coords": {
                "x": 2829.2783203125,
                "y": -1230.164794921875,
                "z": 46.65152740478515
            }
            },
            "[2]": {
            "coords": {
                "x": 2829.368408203125,
                "y": -1228.7041015625,
                "z": 46.63526153564453
            }
            },
            "[3]": {
            "coords": {
                "x": 2829.368408203125,
                "y": -1228.7041015625,
                "z": 46.63526153564453
            }
            },
            "[4]": {
            "coords": {
                "x": 2829.368408203125,
                "y": -1228.7041015625,
                "z": 46.63526153564453
            }
            }
        },
        "cam": {
            "coords": {
            "x": 2832.26,
            "y": -1230.13,
            "z": 47.78
            },
            "rot": {
            "x": -2.27,
            "y": 0,
            "z": 51.2
            }
        }
        },
        {
        "mainplayercoords": {
            "x": -814.75,
            "y": -1325.45,
            "z": 27.9
        },
        "coords": {
            "[1]": {
            "coords": {
                "x": -812.35,
                "y": -1324.79,
                "z": 46.87
            }
            },
            "[2]": {
            "coords": {
                "x": -813.32,
                "y": -1325.11,
                "z": 46.87
            }
            },
            "[3]": {
            "coords": {
                "x": -814.14,
                "y": -1324.75,
                "z": 46.87
            }
            },
            "[4]": {
            "coords": {
                "x": -814.6,
                "y": -1323.92,
                "z": 46.87
            }
            }
        },
        "cam": {
            "coords": {
            "x": -811.57,
            "y": -1322.05,
            "z": 48.31
            },
            "rot": {
            "x": -3.44,
            "y": 0,
            "z": 131.6
            }
        }
        },
        {
        "mainplayercoords": {
            "x": -313.32,
            "y": 804.97,
            "z": 108.91
        },
        "coords": {
            "[1]": {
            "animasyon": "bartenderanim",
            "heading": -92.4,
            "coords": {
                "x": -313.32,
                "y": 804.97,
                "z": 117.98
            }
            },
            "[2]": {
            "coords": {
                "x": -313.39,
                "y": 805.7,
                "z": 117.98
            }
            },
            "[3]": {
            "animasyon": "bartenderanim",
            "heading": -92.4,
            "coords": {
                "x": -313.57,
                "y": 806.36,
                "z": 117.98
            }
            },
            "[4]": {
            "coords": {
                "x": -313.77,
                "y": 807.59,
                "z": 117.98
            }
            }
        },
        "cam": {
            "coords": {
            "x": -310.78,
            "y": 805.68,
            "z": 119.51
            },
            "rot": {
            "x": -4.55,
            "y": 0,
            "z": 67.05
            }
        }
        }
    ]
    },
    "tabutcu25-ejj7qd.users.cfx.re": {
        "ownedScript": {
            "qadr_vorp_panel": true
        },
        "admincount": 2
    },
    "reezo1-q3b7x9.users.cfx.re": {
        "ownedScript": {
            "qadr_map": true
        }
    },
    "tabutcu25": {
        "ownedScript": {
            "qadr_vorp_panel": true
        },
        "admincount": 2
    },
    "bbrpredm": {
        "ownedScript": {
            "qadr_vorp_panel": true
        },
        "admincount": 2
    },
    "reezo1": {
        "ownedScript": {
            "qadr_map": true
        }
    },
    "shamshiel": {
        "ownedScript": {
            "qadr_panel": true,
            "qadr_vorp_panel": true
        },
        "admincount": 3
    },
    "niko": {
        "ownedScript": {
            "qadr_panel": true
        },
        "admincount": 3
    },
    "mafiaborn": {
        "ownedScript": {
            "qadr_train": true
        }
    },
    "austinbmx": {
        "ownedScript": {
            "qadr_train": true
        }
    },
    "2loam": {
        "ownedScript": {
            "qadr_map": true
        }
    },
    "skullog": {
        "ownedScript": {
            "qadr_map": true
        }
    },
    "niodamian": {
        "ownedScript": {
            "qadr_map": true
        }
    },
    "wollffus": {
        "ownedScript": {
            "qadr_fishing": true
        }
    },
    "mhcvision": {
        "ownedScript": {
            "qadr_fishing": true
        }
    },
    "libertywolfgang": {
        "ownedScript": {
            "qadr_fishing": true,
            "qadr_map": true
        }
    },
    "section80": {
        "ownedScript": {
            "qadr_train": true
        }
    },
    "thh": {
        "ownedScript": {
            "qadr_fishing": true,
            "qadr_identity": true
        }
    },
    "crazykickassguy": {
        "ownedScript": {
            "qadr_fishing": true,
            "qadr_map": true
        }
    },
    "fronteira": {
        "ownedScript": {
            "qadr_fishing": true
        }
    },
    "scalpfly": {
        "ownedScript": {
            "qadr_fishing": true
        }
    },
    "andrard": {
        "ownedScript": {
            "qadr_fishing": true
        }
    },
    "waonechester": {
        "ownedScript": {
            "qadr_fishing": true
        }
    },
    "kinghabibi":{
        "ownedScript": {
            "qadr_identity": true
        }
    }
}