{
  "identityambientdata": [
    {
      "saint_denis_cell_ambient": [
        {
          "requiredVersion" : 2.2,
          "coords": [
            {
              "camoffset": {
                "x": 0,
                "y": 0.69999998807907,
                "z": -0.30000001192092
              },
              "cam": {
                "rot": {
                  "x": 0.56000000238418,
                  "y": 0,
                  "z": -178.25
                },
                "coords": {
                  "x": 2503.77001953125,
                  "y": -1310.6199951171875,
                  "z": 48.4000015258789
                }
              },
              "scenario": -2123759536,
              "coords": {
                "x": 2502.780029296875,
                "y": -1310.8399658203125,
                "z": 47.9000015258789
              }
            },
            {
              "camoffset": {
                "x": 0,
                "y": 0.69999998807907,
                "z": -0.30000001192092
              },
              "coords": {
                "x": 2502.780029296875,
                "y": -1310.8399658203125,
                "z": 47.9000015258789
              },
              "scenario": -2123759499,
              "cam": {
                "rot": {
                  "x": -2.48000001907348,
                  "y": 0,
                  "z": 123.63999938964844
                },
                "coords": {
                  "x": 2504.75,
                  "y": -1309.97998046875,
                  "z": 48.4000015258789
                }
              }
            },
            {
              "coords": {
                "x": 2502.780029296875,
                "y": -1310.8399658203125,
                "z": 47.9000015258789
              },
              "scenario": -2123759498,
              "cam": {
                "rot": {
                  "x": -6.57999992370605,
                  "y": 0,
                  "z": 142.91000366210938
                },
                "coords": {
                  "x": 2504.68994140625,
                  "y": -1308.239990234375,
                  "z": 49.4000015258789
                }
              }
            },
            {
              "coords": {
                "x": 2502.780029296875,
                "y": -1310.8399658203125,
                "z": 47.9000015258789
              },
              "scenario": -2123759492,
              "cam": {
                "rot": {
                  "x": -6.57999992370605,
                  "y": 0,
                  "z": 142.91000366210938
                },
                "coords": {
                  "x": 2504.68994140625,
                  "y": -1308.239990234375,
                  "z": 49.4000015258789
                }
              }
            }
          ],
          "mainplayercoords": {
            "x": 2508.580078125,
            "y": -1309.219970703125,
            "z": 48.95000076293945
          },
          "cam": {
            "rot": {
              "x": -6.57999992370605,
              "y": 0,
              "z": 142.91000366210938
            },
            "coords": {
              "x": 2504.68994140625,
              "y": -1308.239990234375,
              "z": 49.4000015258789
            }
          }
        }
      ],
      "Black_water_saloon": [
        {
          "coords": [
            {
              "coords": {
                "y": -1324.79,
                "z": 46.87,
                "x": -812.35
              }
            },
            {
              "coords": {
                "y": -1325.11,
                "z": 46.87,
                "x": -813.32
              }
            },
            {
              "coords": {
                "y": -1324.75,
                "z": 46.87,
                "x": -814.14
              }
            },
            {
              "coords": {
                "y": -1323.92,
                "z": 46.87,
                "x": -814.6
              }
            }
          ],
          "mainplayercoords": {
            "y": -1325.45,
            "z": 27.9,
            "x": -814.75
          },
          "cam": {
            "rot": {
              "y": 0,
              "z": 131.6,
              "x": -3.44
            },
            "coords": {
              "y": -1322.05,
              "z": 48.31,
              "x": -811.57
            }
          }
        }
      ],
      "Saint_Denis_Bazaar": [
        {
          "coords": [
            {
              "coords": {
                "y": -1230.75,
                "z": 46.64,
                "x": 2829.69
              },
              "weaponanim": "WEAPON_RIFLE_BOLTACTION",
              "animasyon": "weaponanims",
              "heading": -90
            },
            {
              "coords": {
                "y": -1229.5,
                "z": 46.64,
                "x": 2829.42
              }
            },
            {
              "coords": {
                "y": -1228.5,
                "z": 46.64,
                "x": 2829.51
              },
              "weaponanim": "WEAPON_RIFLE_BOLTACTION",
              "animasyon": "weaponanims",
              "heading": 233
            },
            {
              "coords": {
                "y": -1227.65,
                "z": 46.64,
                "x": 2829.7
              }
            }
          ],
          "mainplayercoords": {
            "y": -1228.7713623046875,
            "z": 43.66026306152344,
            "x": 2830.083251953125
          },
          "cam": {
            "rot": {
              "y": 0,
              "z": 53.65,
              "x": -11.68
            },
            "coords": {
              "y": -1230.88,
              "z": 48.22,
              "x": 2832.3
            }
          }
        }
      ],
      "valentine_saloon": [
        {
          "mainplayercoords": {
            "x": -313.32,
            "y": 804.97,
            "z": 108.91
          },
          "coords": [
              {
                "animasyon": "bartenderanim",
                "heading": -92.4,
                "coords": {
                  "x": -313.32,
                  "y": 804.97,
                  "z": 117.98
                }
              },
              {
                "coords": {
                  "x": -313.39,
                  "y": 805.7,
                  "z": 117.98
                }
              },
              {
                "animasyon": "bartenderanim",
                "heading": -92.4,
                "coords": {
                  "x": -313.57,
                  "y": 806.36,
                  "z": 117.98
                }
              },
              {
                "coords": {
                  "x": -313.77,
                  "y": 807.59,
                  "z": 117.98
                }
              }
          ],
          "cam": {
            "coords": {
              "x": -310.78,
              "y": 805.68,
              "z": 119.51
            },
            "rot": {
              "x": -4.55,
              "y": 0,
              "z": 67.05
            }
          }
        }
      ],
      "valentine_train_station": [
        {
          "mainplayercoords": {
            "x": -166.77000427246094,
            "y": 640.8099975585938,
            "z": 113.88999938964844
          },
          "ambiyansdata": {
            "tren": {
              "coords": {
                "x": -106.8499984741211,
                "y": 445.3599853515625,
                "z": 111.62000274658203
              },
              "hash": 1495948496,
              "direction": 0
            },
            "sabitobjeler": [
              {
                "coords": {
                  "x": -166.47000122070312,
                  "y": 636.77001953125,
                  "z": 113.02999877929688
                },
                "prop": "p_lightcourtnbx01x",
                "rots": {
                  "x": 0,
                  "y": 0,